{
  "navigation": {
    "loadEventEnd": 3534.600000023842,
    "domContentLoadedEventEnd": 2645.5,
    "responseEnd": 1123.5,
    "domInteractive": 2645.399999976158
  },
  "paint": {
    "first-paint": 2892,
    "first-contentful-paint": 2892
  },
  "resources": 142,
  "timestamp": 1755227640592
}